<?xml version="1.0" encoding="UTF-8"?>
<!--
 - - - - - - - - - - - - - - - - - - - - - - - - - - - - - - - - - - - - - - -
 - EasyBeans
 - Copyright (C) 2006 Bull S.A.S.
 - Contact: easybeans@objectweb.org
 -
 - This library is free software; you can redistribute it and/or
 - modify it under the terms of the GNU Lesser General Public
 - License as published by the Free Software Foundation; either
 - version 2.1 of the License, or any later version.
 -
 - This library is distributed in the hope that it will be useful,
 - but WITHOUT ANY WARRANTY; without even the implied warranty of
 - MERCHANTABILITY or FITNESS FOR A PARTICULAR PURPOSE.  See the GNU
 - Lesser General Public License for more details.
 -
 - You should have received a copy of the GNU Lesser General Public
 - License along with this library; if not, write to the Free Software
 - Foundation, Inc., 59 Temple Place, Suite 330, Boston, MA  02111-1307
 - USA
 -
 - - - - - - - - - - - - - - - - - - - - - - - - - - - - - - - - - - - - - - -
 - $Id: easybeans-common.xml 27 2006-02-22 16:56:46Z benoitf $
 - - - - - - - - - - - - - - - - - - - - - - - - - - - - - - - - - - - - - - -
 -->

<project name="EasyBeans - Common rules for JOnAS server" basedir=".">

  <!-- build.properties hold the properties that can be customized -->
  <property file="../../build.properties" />

  <!-- some properties are build from environment variables -->
  <property environment="myenv" />
  <property name="jonas.root" value="${myenv.JONAS_ROOT}" />


  <property name="javac.debug" value="on" />
  <property name="javac.optimize" value="off" />
  <property name="javac.deprecation" value="off" />
  <property name="javac.verbose" value="off" />
  <property name="javac.compiler" value="modern" />
  <property name="javac.nowarn" value="off" />


  <!-- Set the uncustomizable properties -->
  <property name="src.dir" value="src" />
  <property name="resources.dir" value="etc" />

  <!-- the 3 following lines have been added by F. Boyer -->
  <property name="etc.dir" value="etc" />
  <property name="xml.dir" value="${etc.dir}" />
  <property name="web.resources.dir" value="${resources.dir}" />
  <available file="${xml.dir}/web.xml"  property="war.defined"/>

 

  <property name="classes.dir" value="../../classes" />
  <property name="rar.classes.dir" value="../../classes.rar" />
  <property name="dist.dir" value="../../output" />
  <property name="dist.ejbjars.dir" value="${dist.dir}/ejbjars" />
  <property name="dist.clients.dir" value="${dist.dir}/clients" />
  <property name="lib.dir" value="${jonas.root}/lib" />


  <target name="init">
    <!-- directories building -->
    <mkdir dir="${classes.dir}" />
    <mkdir dir="${rar.classes.dir}" />
    <mkdir dir="${dist.dir}" />
    <mkdir dir="${dist.clients.dir}" />
    <mkdir dir="${dist.ejbjars.dir}" />
    <condition property="jonas.base" value="${myenv.JONAS_BASE}">
      <available file="${myenv.JONAS_BASE}" />
    </condition>
    <condition property="jonas.base" value="${jonas.root}">
      <available file="${jonas.root}" />
    </condition>

    <!-- Unpack the rar file from JONAS_BASE/rars or JONAS_BASE/rars/autoload -->
    <unjar dest="${rar.classes.dir}">
      <fileset dir="${jonas.base}/rars">
        <include name="ow_easybeans_for_jonas.rar" />
        <include name="autoload/ow_easybeans_for_jonas.rar" />
      </fileset>
    </unjar>


    <!-- The classpath to be used to compile examples -->
    <path id="base.classpath">
      <pathelement location="${classes.dir}" />
      <fileset dir="${rar.classes.dir}">
        <include name="**/*.jar" />
      </fileset>
      <fileset dir="${lib.dir}">
        <include name="**/*.jar" />
      </fileset>
    </path>

    <!-- Pour JONAS_4_7_4 (ECom_06_07): <property name="dest.ejbjars.dir" value="${jonas.base}/ejb3s" /> -->
	<!-- Pour JONAS_5_0_M1 (ECom_07_08):-->
	<property name="dest.ejbjars.dir" value="${jonas.base}/deploy" />
    <!-- the following line has been added by F. Boyer -->
    <property name="dest.webapps.dir" value="${jonas.base}/webapps" />
    <property name="dest.clients.dir" value="${jonas.base}/clients" />

  </target>


  <target name="clean">
    <!-- directories removal -->
    <delete dir="${classes.dir}" />
    <delete dir="${rar.classes.dir}" />
    <delete dir="${dist.dir}" />
  </target>



  <!-- Below is the same code than for Examples -->

  <target name="compile" description="Build Ecom" depends="init">
    <javac srcdir="${src.dir}"
           destdir="${classes.dir}"
           debug="${javac.debug}"
           deprecation="${javac.deprecation}"
           optimize="${javac.optimize}"
           verbose="${javac.verbose}"
           compiler="${javac.compiler}"
           nowarn="${javac.nowarn}">
      <classpath refid="base.classpath" />
    </javac>
  </target>


  <target name="install.persistence" if="persistence.defined">
    <mkdir dir="${dest.ejbjars.dir}/${ejb.name}.jar/META-INF/" />
    <copy todir="${dest.ejbjars.dir}/${ejb.name}.jar/META-INF">
      <fileset dir="${resources.dir}">
        <include name="persistence.xml" />
      </fileset>
    </copy>
  </target>

  <!-- the war generation has been added by F. Boyer -->
  <target name="install.war" if="war.defined">
    <war warfile="${dest.webapps.dir}/${ejb.name}.war" webxml="${xml.dir}/web.xml">
       <webinf dir="${xml.dir}" includes="jonas-web.xml, web-jetty.xml" />
       <zipfileset dir="${web.resources.dir}" prefix="" />
       <classes dir="${classes.dir}">
       <include name="**/**/**/*.class" />
       </classes>
   </war>
  </target>


  <!-- Install example -->
  <target name="install"
          depends="compile, install.persistence, install.war"
          description="Install this example in a deployable directory">
    <copy todir="${dest.ejbjars.dir}/${ejb.name}.jar">
      <fileset dir="${classes.dir}">
        <patternset refid="ejb.patternset" />
      </fileset>
    </copy>
 	
<jar jarfile="${dest.clients.dir}/admin-${ejb.name}.jar">
      <manifest>
        <attribute name="Main-Class" value="${admin.class}" />
      </manifest>
      <fileset dir="${classes.dir}">
        <patternset refid="client.patternset" />
      </fileset>
    </jar>

    <jar jarfile="${dest.clients.dir}/customer-${ejb.name}.jar">
      <manifest>
        <attribute name="Main-Class" value="${customer.class}" />
      </manifest>
      <fileset dir="${classes.dir}">
        <patternset refid="client.patternset" />
      </fileset>
    </jar>

    <jar jarfile="${dest.clients.dir}/initdatabase-${ejb.name}.jar">
      <manifest>
        <attribute name="Main-Class" value="${initdatabase.class}" />
      </manifest>
      <fileset dir="${classes.dir}">
        <patternset refid="client.patternset" />
      </fileset>
    </jar>


  </target>

  <target name="run.admin" depends="install">
    <java fork="true" classname="${admin.class}">
      <classpath refid="base.classpath" />
    </java>
  </target>

  <target name="run.customer" depends="install">
    <java fork="true" classname="${customer.class}">
      <classpath refid="base.classpath" />
    </java>
  </target>

  <target name="run.initdatabase" depends="install">
    <java fork="true" classname="${initdatabase.class}">
      <classpath refid="base.classpath" />
    </java>
  </target>

</project>



